{"name":"2c2ac37a-8492-4edb-a74d-b8c5b2f96c8d","id":"/providers/Microsoft.Flow/flows/2c2ac37a-8492-4edb-a74d-b8c5b2f96c8d","type":"Microsoft.Flow/flows","properties":{"apiId":"/providers/Microsoft.PowerApps/apis/shared_logicflows","displayName":"[Template] MS Teams Messages on Unanswered MLA Posts for Certain Products","definition":{"metadata":{"workflowEntityId":null,"processAdvisorMetadata":null,"flowChargedByPaygo":null,"flowclientsuspensionreason":"None","flowclientsuspensiontime":null,"flowclientsuspensionreasondetails":null,"creator":{"id":"74680072-762e-4ba8-9321-c2d337943a1c","type":"User","tenantId":"99dd3a11-4348-4468-9bdd-e5072b1dc1e6"},"provisioningMethod":"FromDefinition","failureAlertSubscription":true,"clientLastModifiedTime":"2023-08-09T02:04:07.9336849Z"},"$schema":"https://schema.management.azure.com/providers/Microsoft.Logic/schemas/2016-06-01/workflowdefinition.json#","contentVersion":"1.0.0.0","parameters":{"$connections":{"defaultValue":{},"type":"Object"},"$authentication":{"defaultValue":{},"type":"SecureObject"}},"triggers":{"Every_day":{"recurrence":{"frequency":"Day","interval":1,"timeZone":"Eastern Standard Time","startTime":"2023-08-08T01:00:00.000Z","schedule":{"hours":["9"]}},"metadata":{"operationMetadataId":"af0767e0-d521-40af-af0b-3e826b06da61"},"type":"Recurrence"}},"actions":{"Check_if_there_were_any_post_from_yesterday":{"actions":{"Create_HTML_table":{"runAfter":{},"metadata":{"operationMetadataId":"1d93c53d-9f7d-456c-87b3-7b8908696716"},"type":"Table","inputs":{"from":"@body('Filter_array')","format":"HTML"}},"Apply_to_each":{"foreach":"@body('List_all_RSS_feed_items_for_unanswered_MLA_post_for_a_Toolbox_or_a_Blockset')","actions":{"Post_message_in_a_chat_or_channel":{"runAfter":{},"metadata":{"operationMetadataId":"e9fa776d-0243-4398-84be-996496ae0f2d"},"type":"OpenApiConnection","inputs":{"host":{"apiId":"/providers/Microsoft.PowerApps/apis/shared_teams","connectionName":"shared_teams","operationId":"PostMessageToConversation"},"parameters":{"poster":"User","location":"Channel","body/recipient/groupId":"6245fc40-b058-44fa-aa63-b17d2714b92f","body/recipient/channelId":"19:0tUQ_ahoHkLTHF2diHMLlC-LRdLv8sdYJluGhAnDNy41@thread.tacv2","body/messageBody":"<p>There is an unanswered MATLAB Answers for a Toolbox or a Blockset<br>\nTitle: @{items('Apply_to_each')?['title']}<br>\n<a href=\"&lt;object custom=\">@{items('Apply_to_each')?['primaryLink']}\"&gt;</a>@{items('Apply_to_each')?['primaryLink']}<a href=\"&lt;object custom=\"></a></p>"},"authentication":"@parameters('$authentication')"}}},"runAfter":{"Create_HTML_table":["Succeeded"]},"metadata":{"operationMetadataId":"b8193243-6131-4dbd-8d50-9c0cfe1d5b77"},"type":"Foreach"}},"runAfter":{"Filter_array":["Succeeded"]},"expression":{"greater":["@length(body('Filter_array'))",0]},"metadata":{"operationMetadataId":"d56af528-d80f-4c7e-9b3d-47da3c27ad3a"},"type":"If"},"Filter_array":{"runAfter":{"List_all_RSS_feed_items_for_unanswered_MLA_post_for_a_Toolbox_or_a_Blockset":["Succeeded"]},"metadata":{"operationMetadataId":"2d2b0932-9855-42fe-9ec5-79d0830e47c4"},"type":"Query","inputs":{"from":"@body('List_all_RSS_feed_items_for_unanswered_MLA_post_for_a_Toolbox_or_a_Blockset')","where":"@equals('', '')"}},"List_all_RSS_feed_items_for_unanswered_MLA_post_for_a_Toolbox_or_a_Blockset":{"runAfter":{},"metadata":{"operationMetadataId":"c908e4dc-f9bb-42d1-a4bd-8fc3d9a50024"},"type":"OpenApiConnection","inputs":{"host":{"apiId":"/providers/Microsoft.PowerApps/apis/shared_rss","connectionName":"shared_rss","operationId":"ListFeedItems"},"parameters":{"feedUrl":"https://www.mathworks.com/matlabcentral/answers/questions?format=atom&sort=asked+desc&status=unanswered&term=product_base_code%3AMB","since":"@addDays(utcNow(), -1)","sinceProperty":"PublishDate"},"authentication":"@parameters('$authentication')"}}}},"connectionReferences":{"shared_teams":{"connectionName":"shared-teams-e7e265b8-dc59-402e-9c36-d7d9705c108a","source":"Embedded","id":"/providers/Microsoft.PowerApps/apis/shared_teams","tier":"NotSpecified"},"shared_rss":{"connectionName":"shared-rss-c9fa3984-890a-41b6-9c6a-97e51301ff1f","source":"Embedded","id":"/providers/Microsoft.PowerApps/apis/shared_rss","tier":"NotSpecified"}},"flowFailureAlertSubscribed":false,"isManaged":false}}